_id,date,office,office_id,overview,month,reqs,num
615493b8e278c42e4e7ce525,2021-09-29,Corte Suprema de Justicia,57c8770cab3ab9028fcbed2a,"Acta y acuerdos de la sesión de Corte Plena celebrada el 23 de septiembre, 2021, que se dicutió la Inaplicabilidad de reforma a la Ley de la Carreja Judicial",2021-09,"['Acta y acuerdos de la sesión de Corte Plena celebrada el 23 de septiembre, 2021, que se dicutió la Inaplicabilidad de reforma a la Ley de la Carreja Judicial']",1
61520641e278c42e4e7be83c,2021-09-27,Ministerio de Hacienda,57c72115ab3ab911fde9dcfc,Política Presupuestaria del ejercicio fiscal 2022. MH,2021-09,['Política Presupuestaria del ejercicio fiscal 2022. MH'],1
61521560e278c42e4e7bfc4b,2021-09-27,Alcaldía de Soyapango,5968f690c56bd14a51afb05e,"Copia de los expedientes administrativos de las Licitaciones que han sido adjudicadas y en firme, sobre los proyectos de videovigilancia, periodo: enero a agosto 2021.",2021-09,"['Copia de los expedientes administrativos de las Licitaciones que han sido adjudicadas y en firme, sobre los proyectos de videovigilancia, periodo: enero a agosto 2021.']",1
61521aaae278c42e4e7c0178,2021-09-27,Ministerio de Economía,57f550674cdaa80e48efcc1d,Expediente administrativo que ampare la compra de Bitcoins por el GOES,2021-09,['Expediente administrativo que ampare la compra de Bitcoins por el GOES'],1
61521b35e278c42e4e7c01c8,2021-09-27,Ministerio de Economía,57f550674cdaa80e48efcc1d,"Expediente administrativo de la contratación de servicios con la sociedad Chivo, S.A. de C.V.",2021-09,"['Expediente administrativo de la contratación de servicios con la sociedad Chivo, S.A. de C.V.']",1
615223ebe278c42e4e7c0c71,2021-09-27,Presidencia de la República,57c74a1eab3ab91ef38f2d60,Actas de confidencialidad que firmaron los oficiales de información entre los meses de agosto a diciembre de 2019,2021-09,['Actas de confidencialidad que firmaron los oficiales de información entre los meses de agosto a diciembre de 2019'],1
615250b5e278c42e4e7c26d9,2021-09-27,Corte Suprema de Justicia,57c8770cab3ab9028fcbed2a,"Registro público de los 98 funcionarios judiciales (jueces, magistrados, colaboradores y demás abogados) juramentados por la Corte, este pasado 26 de septiembre, 2021",2021-09,"['Registro público de los 98 funcionarios judiciales (jueces, magistrados, colaboradores y demás abogados) juramentados por la Corte, este pasado 26 de septiembre, 2021']",1
6152521ce278c42e4e7c275a,2021-09-27,Corte Suprema de Justicia,57c8770cab3ab9028fcbed2a,"Versión públicas de los expedientes de selección con sus atestados de los 98 funcionarios judiciales juramentados por la Corte, este pasado 26 de septiembre, 2021 ",2021-09,"['Versión públicas de los expedientes de selección con sus atestados de los 98 funcionarios judiciales juramentados por la Corte, este pasado 26 de septiembre, 2021']",1
61525ef3e278c42e4e7c2d7e,2021-09-22,Asamblea Legislativa,57c73d96ab3ab918e84ccae8,"Registro público de los 7 concejales Propietarios(as) del CNJ para el período 2021-2026, ",2021-09,"['Registro público de los 7 concejales Propietarios(as) del CNJ para el período 2021-2026,']",1
61525ff6e278c42e4e7c2e02,2021-09-22,Asamblea Legislativa,57c73d96ab3ab918e84ccae8,"Versión públicas de los expedientes de selección con sus atestados de los 7 concejales Propietarios(as) del CNJ para el período 2021-2026,",2021-09,"['Versión públicas de los expedientes de selección con sus atestados de los 7 concejales Propietarios(as) del CNJ para el período 2021-2026,']",1
614a2e65e278c42e4e7a605d,2021-09-21,Ministerio de Hacienda,57c72115ab3ab911fde9dcfc,Flujo de la caja fiscal de año de 2020-MH,2021-09,['Flujo de la caja fiscal de año de 2020-MH'],1
6151feeee278c42e4e7bd8b8,2021-09-21,Ministerio de Hacienda,57c72115ab3ab911fde9dcfc,Hacienda: Ejecución y modificaciones presupuestarias SPNF correspondiente al mes de agosto 2021. ,2021-09,['Hacienda: Ejecución y modificaciones presupuestarias SPNF correspondiente al mes de agosto 2021.'],1
6149210ee278c42e4e79f14f,2021-09-17,Presidencia de la República,57c74a1eab3ab91ef38f2d60,"Detalle de la ejecución presupuestaria de gastos que se destinó para la conmemoración del Bicentenario de la Independencia Centroamericana y por medio del cual se designó a Presidencia la cantidad de US$ 67,200. ",2021-09,"['Detalle de la ejecución presupuestaria de gastos que se destinó para la conmemoración del Bicentenario de la Independencia Centroamericana y por medio del cual se designó a Presidencia la cantidad de US$ 67,200.']",1
6149225fe278c42e4e79f622,2021-09-17,Ministerio de Relaciones Exteriores,57cda69dab3ab91b141fb67b,"Detalle de la ejecución presupuestaria de gastos que se destinó para la conmemoración del Bicentenario de la Independencia Centroamericana y por medio del cual se designó a Relaciones Exteriores la cantidad de US$ 57,600.",2021-09,"['Detalle de la ejecución presupuestaria de gastos que se destinó para la conmemoración del Bicentenario de la Independencia Centroamericana y por medio del cual se designó a Relaciones Exteriores la cantidad de US$ 57,600.']",1
6149241de278c42e4e79faee,2021-09-17,Ministerio de la Defensa Nacional,57c6eecaab3ab905b08d6c93," Detalle de la ejecución presupuestaria de gastos que se destinó para la conmemoración del Bicentenario de la Independencia Centroamericana y por medio del cual se designó al MDN la cantidad de US$ 165,600. ",2021-09,"['Detalle de la ejecución presupuestaria de gastos que se destinó para la conmemoración del Bicentenario de la Independencia Centroamericana y por medio del cual se designó al MDN la cantidad de US$ 165,600.']",1
61494661e278c42e4e7a0577,2021-09-17,Ministerio de Educación,57c6ef20ab3ab905b08d6c96,"Detalle de la ejecución presupuestaria de gastos que se destinó para la conmemoración del Bicentenario de la Independencia Centroamericana y por medio del cual se designó al MINED la cantidad de US$ 273,900.",2021-09,"['Detalle de la ejecución presupuestaria de gastos que se destinó para la conmemoración del Bicentenario de la Independencia Centroamericana y por medio del cual se designó al MINED la cantidad de US$ 273,900.']",1
614947f3e278c42e4e7a0a30,2021-09-17,Ministerio de Gobernación,5801188fab3ab9144231517d,"Detalle de la ejecución presupuestaria de gastos que se destinó para la conmemoración del Bicentenario de la Independencia Centroamericana y por medio del cual se designó al Ministerio de Gobernación la cantidad de US$ 172,900",2021-09,"['Detalle de la ejecución presupuestaria de gastos que se destinó para la conmemoración del Bicentenario de la Independencia Centroamericana y por medio del cual se designó al Ministerio de Gobernación la cantidad de US$ 172,900']",1
61494883e278c42e4e7a0edb,2021-09-17,Ministerio de Cultura,5ba2cf5197b7ea4b9a7e1d1d,"Detalle de la ejecución presupuestaria de gastos que se destinó para la conmemoración del Bicentenario de la Independencia Centroamericana y por medio del cual se designó al Ministerio de Cultura la cantidad de US$ 262,800. ",2021-09,"['Detalle de la ejecución presupuestaria de gastos que se destinó para la conmemoración del Bicentenario de la Independencia Centroamericana y por medio del cual se designó al Ministerio de Cultura la cantidad de US$ 262,800.']",1
61494933e278c42e4e7a13a9,2021-09-17,Presidencia de la República,57c74a1eab3ab91ef38f2d60,"Informes en el cual conste el detalle del trabajo realizado por el Comité Especial para la celebración del Bicentenario, 2021; y nombre de los que integran el comité",2021-09,"['Informes en el cual conste el detalle del trabajo realizado por el Comité Especial para la celebración del Bicentenario, 2021; y nombre de los que integran el comité']",1
61494acae278c42e4e7a1876,2021-09-17,Presidencia de la República,57c74a1eab3ab91ef38f2d60,"Registro de bienes y/o servicios adquiridos con los fondos aprobados y destinados para la conmemoración del Bicentenario de la Independencia, 2021.",2021-09,"['Registro de bienes y/o servicios adquiridos con los fondos aprobados y destinados para la conmemoración del Bicentenario de la Independencia, 2021.']",1
6143ae22e278c42e4e7938d6,2021-09-16,Corte Suprema de Justicia,57c8770cab3ab9028fcbed2a,"Bitácoras de asistencia a las Sesiones de la Corte en Pleno desde enero a agosto 2021, CSJ",2021-09,"['Bitácoras de asistencia a las Sesiones de la Corte en Pleno desde enero a agosto 2021, CSJ']",1
6140ee52e278c42e4e789a27,2021-09-14,Ministerio de Gobernación,5801188fab3ab9144231517d,Versión pública de las erogaciones del FOPROMID entre los meses de enero a julio de 2021.,2021-09,['Versión pública de las erogaciones del FOPROMID entre los meses de enero a julio de 2021.'],1
6140eedce278c42e4e789a99,2021-09-14,Ministerio de Hacienda,57c72115ab3ab911fde9dcfc,Versión pública de las erogaciones del FOPROMID entre los meses de enero a julio de 2021,2021-09,['Versión pública de las erogaciones del FOPROMID entre los meses de enero a julio de 2021'],1
6140fb2ce278c42e4e78a14c,2021-09-14,Presidencia de la República,57c74a1eab3ab91ef38f2d60,Copia del expediente administrativo que ampare la compra de Bitcoins realizadas por el Gobierno de El Salvador,2021-09,['Copia del expediente administrativo que ampare la compra de Bitcoins realizadas por el Gobierno de El Salvador'],1
6140fe5de278c42e4e78a27c,2021-09-14,Banco Central de Reserva,57d0775eab3ab902d7cd2a21,Copia del expediente administrativo que ampare la compra de Bitcoins realizadas por el Gobierno de El Salvador,2021-09,['Copia del expediente administrativo que ampare la compra de Bitcoins realizadas por el Gobierno de El Salvador'],1
613ff180e278c42e4e788142,2021-09-13,Asamblea Legislativa,57c73d96ab3ab918e84ccae8,"Copia del expediente número 73-6-2021-1 que se lleva en la Comisión Financiera de la AL 2021-2024, sobre la iniciativa de LEY BITCOIN, 2da.",2021-09,"['Copia del expediente número 73-6-2021-1 que se lleva en la Comisión Financiera de la AL 2021-2024, sobre la iniciativa de LEY BITCOIN, 2da.']",1
61422678e278c42e4e78e12b,2021-09-07,Banco de Desarrollo de El Salvador ,5807ce43ab3ab94964c62cf5,"Copia del expediente administrativo de la contratación de servicios con la sociedad CHIVO, S.A de C.V",2021-09,"['Copia del expediente administrativo de la contratación de servicios con la sociedad CHIVO, S.A de C.V']",1
61422780e278c42e4e78e5ea,2021-09-07,Ministerio de Hacienda,57c72115ab3ab911fde9dcfc,Copia del expediente administrativo que ampare la compra de Bitcoins realizadas por el Gobierno de El Salvador,2021-09,['Copia del expediente administrativo que ampare la compra de Bitcoins realizadas por el Gobierno de El Salvador'],1
614227ebe278c42e4e78ea6d,2021-09-07,Banco de Desarrollo de El Salvador ,5807ce43ab3ab94964c62cf5,Copia del expediente administrativo que ampare la compra de Bitcoins realizadas por el Gobierno de El Salvador,2021-09,['Copia del expediente administrativo que ampare la compra de Bitcoins realizadas por el Gobierno de El Salvador'],1
61496a49e278c42e4e7a3dc8,2021-09-03,Ministerio de Hacienda,57c72115ab3ab911fde9dcfc,Detalle de la ejecución y Detalle de modificaciones presupuestaria correspondiente al mes de agosto 2021. ,2021-09,['Detalle de la ejecución y Detalle de modificaciones presupuestaria correspondiente al mes de agosto 2021.'],1
613bb672e278c42e4e77c751,2021-08-31,Alcaldía Municipal de San Miguel,58bdc422c56bd165309d0405,"Registro de los proyectos ejecutados desde enero a agosto 2021 (Plan primeros 100 días ),",2021-08,"['Registro de los proyectos ejecutados desde enero a agosto 2021 (Plan primeros 100 días ),']",1
613bb793e278c42e4e77c79d,2021-08-31,Alcaldía Municipal de San Francisco Gotera,613bb733e278c42e4e77c77d,"Registro de los proyectos ejecutados desde enero a agosto 2021 (Plan primeros 100 días ),",2021-08,"['Registro de los proyectos ejecutados desde enero a agosto 2021 (Plan primeros 100 días ),']",1
613bb961e278c42e4e77c7ec,2021-08-31,Alcaldia Municipal de La Unión,613bb930e278c42e4e77c7d9,"Registro de los proyectos ejecutados desde enero a agosto 2021 (Plan primeros 100 días ),",2021-08,"['Registro de los proyectos ejecutados desde enero a agosto 2021 (Plan primeros 100 días ),']",1
613bba13e278c42e4e77c83e,2021-08-31,Alcaldia Municipal de Aguilares,613bb9d8e278c42e4e77c81e,"Registro de los proyectos ejecutados desde enero a agosto 2021 (Plan primeros 100 días ),",2021-08,"['Registro de los proyectos ejecutados desde enero a agosto 2021 (Plan primeros 100 días ),']",1
613bbacbe278c42e4e77c872,2021-08-31,Alcaldía Municipal de El Paisnal,613113c4e278c42e4e7603bf,"Registro de los proyectos ejecutados desde enero a agosto 2021 (Plan primeros 100 días ),",2021-08,"['Registro de los proyectos ejecutados desde enero a agosto 2021 (Plan primeros 100 días ),']",1
613bb4e9e278c42e4e77c6bc,2021-08-30,Alcaldía Municipal de Sensuntepeque,613bb482e278c42e4e77c672,"Registro de los proyectos ejecutados desde enero a agosto 2021 (Plan primeros 100 días ),",2021-08,"['Registro de los proyectos ejecutados desde enero a agosto 2021 (Plan primeros 100 días ),']",1
613bb53fe278c42e4e77c6ed,2021-08-30,Alcadía de Zacatecoluca,59c9472dc56bd16ae54e8340,"Registro de los proyectos ejecutados desde enero a agosto 2021 (Plan primeros 100 días ),",2021-08,"['Registro de los proyectos ejecutados desde enero a agosto 2021 (Plan primeros 100 días ),']",1
613bb58ae278c42e4e77c706,2021-08-30,Alcaldía de San Vicente,59c93c78c56bd16ae54e8277,"Registro de los proyectos ejecutados desde enero a agosto 2021 (Plan primeros 100 días ),",2021-08,"['Registro de los proyectos ejecutados desde enero a agosto 2021 (Plan primeros 100 días ),']",1
613bb602e278c42e4e77c722,2021-08-30,Alcaldía Municipal de Usulután,5b64736e97b7ea51dfb42140,"Registro de los proyectos ejecutados desde enero a agosto 2021 (Plan primeros 100 días ),",2021-08,"['Registro de los proyectos ejecutados desde enero a agosto 2021 (Plan primeros 100 días ),']",1
612e82ede278c42e4e7582d1,2021-08-27,Alcaldia Municipal de Ahuachapan,5db0975f29cfb32f6bc25196,"Registro de los proyectos ejecutados desde enero a agosto 2021 (Plan primeros 100 días ), Alcaldía Ahuachapan ",2021-08,"['Registro de los proyectos ejecutados desde enero a agosto 2021 (Plan primeros 100 días ), Alcaldía Ahuachapan']",1
613baf70e278c42e4e77b3c5,2021-08-27,Alcaldía de Santa Tecla,57d198114cdaa80fa8d59454,"Registro de los proyectos ejecutados desde enero a agosto 2021 (Plan primeros 100 días ),",2021-08,"['Registro de los proyectos ejecutados desde enero a agosto 2021 (Plan primeros 100 días ),']",1
613bafbde278c42e4e77b846,2021-08-27,Alcaldía de San Salvador,57cdbde0ab3ab91b141fb967,"Registro de los proyectos ejecutados desde enero a agosto 2021 (Plan primeros 100 días ),",2021-08,"['Registro de los proyectos ejecutados desde enero a agosto 2021 (Plan primeros 100 días ),']",1
613bb124e278c42e4e77bcfa,2021-08-27,Alcaldía Municipal de Cojutepeque,613bb08ee278c42e4e77bce4,"Registro de los proyectos ejecutados desde enero a agosto 2021 (Plan primeros 100 días ),",2021-08,"['Registro de los proyectos ejecutados desde enero a agosto 2021 (Plan primeros 100 días ),']",1
612e80dfe278c42e4e757968,2021-08-26,Alcaldia Municipal de Santa Ana,5dc04c4125033d35d0d04366,"Registro de los proyectos ejecutados desde enero a agosto 2021 (Plan primeros 100 días ), Alcaldía Santa Ana",2021-08,"['Registro de los proyectos ejecutados desde enero a agosto 2021 (Plan primeros 100 días ), Alcaldía Santa Ana']",1
613baaa7e278c42e4e77b263,2021-08-26,Alcaldía de Sonsonate,613ba9a2e278c42e4e77b20c,Registro de los proyectos ejecutados desde enero a agosto 2021 (Plan primeros 100 días ),2021-08,['Registro de los proyectos ejecutados desde enero a agosto 2021 (Plan primeros 100 días )'],1
613baefde278c42e4e77b375,2021-08-26,Alcaldía Municipal de Chalatenango,613babd0e278c42e4e77b2dc,"Registro de los proyectos ejecutados desde enero a agosto 2021 (Plan primeros 100 días ),",2021-08,"['Registro de los proyectos ejecutados desde enero a agosto 2021 (Plan primeros 100 días ),']",1
61268bd2e278c42e4e73d75f,2021-08-25,Corte Suprema de Justicia,57c8770cab3ab9028fcbed2a,"Copia de la resolución emitida por Corte Plena, de la CSJ, donde resolvieron denegar la extradición del señor Edwin Rodríguez, alias ""Manicomio"", requerido por Estados Unidos ",2021-08,"['Copia de la resolución emitida por Corte Plena, de la CSJ, donde resolvieron denegar la extradición del señor Edwin Rodríguez, alias ""Manicomio"", requerido por Estados Unidos']",1
61255173e278c42e4e735616,2021-08-24,Consejo Nacional de la Niñez y Adolescencia,57c878daab3ab9028fcbed5c,"Punto de acto o acuerdo del salario, dietas, gastos de representación o cualquier otro emolumento que reciban los miembros del Consejo Directivo del CONNA, periodo 2020 y 2021. ",2021-08,"['Punto de acto o acuerdo del salario, dietas, gastos de representación o cualquier otro emolumento que reciban los miembros del Consejo Directivo del CONNA, periodo 2020 y 2021.']",1
6123d073e278c42e4e72e44e,2021-08-23,Instituto Nacional de los Deportes ,57d194124cdaa80fa8d59409,"Viajes internacionales realizados por presidente del INDES, Yamil Bukele y de su esposa, para estar en el mundial de Rusia 2021",2021-08,"['Viajes internacionales realizados por presidente del INDES, Yamil Bukele y de su esposa, para estar en el mundial de Rusia 2021']",1
611bf588e278c42e4e714648,2021-08-17,Ministerio de Hacienda,57c72115ab3ab911fde9dcfc,Techos presupuestarios del proyecto para el Presupuesto General del Estado año 2022,2021-08,['Techos presupuestarios del proyecto para el Presupuesto General del Estado año 2022'],1
611a9e26e278c42e4e710829,2021-08-16,Ministerio de Salud,57c72121ab3ab911fde9dcff,"Copia de los convenios, contratos o acuerdos suscritos Minsal y farmacéuticas proveedoras de vacunas Covid-19 entre el año 2020 y 2021.",2021-08,"['Copia de los convenios, contratos o acuerdos suscritos Minsal y farmacéuticas proveedoras de vacunas Covid-19 entre el año 2020 y 2021.']",1
611aa2f6e278c42e4e7112b3,2021-08-16,Corte Suprema de Justicia,57c8770cab3ab9028fcbed2a,"Versión pública de las declaraciones de patrimonio presentadas por los nuevos magistrados de la Sala de lo Constitucional, 1 mayo, 2021.",2021-08,"['Versión pública de las declaraciones de patrimonio presentadas por los nuevos magistrados de la Sala de lo Constitucional, 1 mayo, 2021.']",1
611ac0c8e278c42e4e7117b9,2021-08-16,Corte Suprema de Justicia,57c8770cab3ab9028fcbed2a,Declaraciones de patrimonio presentadas por los funcionarios públicos Rolando Alfredo Martínez entre otros.,2021-08,['Declaraciones de patrimonio presentadas por los funcionarios públicos Rolando Alfredo Martínez entre otros.'],1
611ac2efe278c42e4e71189d,2021-08-16,Corte Suprema de Justicia,57c8770cab3ab9028fcbed2a,Versión pública de las declaraciones de patrimonio presentadas por los 84 diputados de la nueva AL 2021. ,2021-08,['Versión pública de las declaraciones de patrimonio presentadas por los 84 diputados de la nueva AL 2021.'],1
61169e5de278c42e4e708be0,2021-08-13,Ministerio de Hacienda,57c72115ab3ab911fde9dcfc,Ejecución y modificaciones presupuestarias Abr-Jul/2021,2021-08,['Ejecución y modificaciones presupuestarias Abr-Jul/2021'],1
60fed9b4e278c42e4e6b2e3c,2021-07-26,Ministerio de Hacienda,57c72115ab3ab911fde9dcfc,Ejecución y modificaciones presupuestarias año 2007 y 2008,2021-07,['Ejecución y modificaciones presupuestarias año 2007 y 2008'],1
610414c5e278c42e4e6d4503,2021-07-21,Asamblea Legislativa,57c73d96ab3ab918e84ccae8,Copia del expediente de la iniciativa de Ley General de Aguas-Legislatura 2018-2021.,2021-07,['Copia del expediente de la iniciativa de Ley General de Aguas-Legislatura 2018-2021.'],1
61036a68e278c42e4e6d1f98,2021-07-12,Asamblea Legislativa,57c73d96ab3ab918e84ccae8,"Registro de los nombres, objeto proyectos y/o iniciativas de Leyes de cada uno de los expedientes que en el Dictamen N°1 de Archivo  de la Comisión de Medio Ambiente y Cambio Climático 2021-2024",2021-07,"['Registro de los nombres, objeto proyectos y/o iniciativas de Leyes de cada uno de los expedientes que en el Dictamen N°1 de Archivo  de la Comisión de Medio Ambiente y Cambio Climático 2021-2024']",1
61036499e278c42e4e6d1544,2021-07-09,Asamblea Legislativa,57c73d96ab3ab918e84ccae8,"Copia del expediente número 73-6-2021-1 que se lleva en la Comisión Financiera de la AL 2021-2024, sobre la iniciativa de LEY BITCOIN,",2021-07,"['Copia del expediente número 73-6-2021-1 que se lleva en la Comisión Financiera de la AL 2021-2024, sobre la iniciativa de LEY BITCOIN,']",1
6103610fe278c42e4e6d0be5,2021-07-06,Comisión Nacional de la Micro y Pequeña Empresa,5807d4ccab3ab94964c630db,Base de datos de los resultados obtenidos de la 1ra y 2da encuesta sobre las condiciones de las MYPE ante la pandemia covid-19”,2021-07,['Base de datos de los resultados obtenidos de la 1ra y 2da encuesta sobre las condiciones de las MYPE ante la pandemia covid-19”'],1
61036381e278c42e4e6d10a3,2021-07-05,Instituto de Acceso a la Información Pública,57c88946ab3ab9028fcbee5a,"Copia en versión pública del expediente administrativo en donde la UES solicitó al IAIP la Opinión Jurídica sobre “empleados públicos”, 18-junio-2021",2021-07,"['Copia en versión pública del expediente administrativo en donde la UES solicitó al IAIP la Opinión Jurídica sobre “empleados públicos”, 18-junio-2021']",1
60dcdfd7e278c42e4e653288,2021-06-25,Asamblea Legislativa,57c73d96ab3ab918e84ccae8,"Copia del expediente número 73-6-2021-1 que se lleva en la Comisión Financiera de la Asamblea Legislativa 2021-2024,",2021-06,"['Copia del expediente número 73-6-2021-1 que se lleva en la Comisión Financiera de la Asamblea Legislativa 2021-2024,']",1
60dcded4e278c42e4e652e17,2021-06-24,Instituto de Acceso a la Información Pública,57c88946ab3ab9028fcbee5a,"Copia del expediente de la solicitud de Opinión Jurídica del Oficial de Información de la Universidad de El Salvador,",2021-06,"['Copia del expediente de la solicitud de Opinión Jurídica del Oficial de Información de la Universidad de El Salvador,']",1
60be8281e278c42e4e5fc387,2021-06-07,Fiscalía General de la República ,57c84ea8ab3ab9038c587f94,"Base de datos o registro estadístico de personas desaparecidas a nivel nacional, de junio 2019 al junio 2021, FGR",2021-06,"['Base de datos o registro estadístico de personas desaparecidas a nivel nacional, de junio 2019 al junio 2021, FGR']",1
60be8654e278c42e4e5fc80e,2021-06-07,Procuraduría para la Defensa de los Derechos Humanos,5807bc4eab3ab94964c62464,"Base de datos o registro estadístico de personas desaparecidas a nivel nacional, de junio 2019 al junio 2021, PDDH",2021-06,"['Base de datos o registro estadístico de personas desaparecidas a nivel nacional, de junio 2019 al junio 2021, PDDH']",1
60be8908e278c42e4e5fc87a,2021-06-07,Policía Nacional Civil,57c87c1dab3ab9028fcbeda7,"Base de datos o registro estadístico de personas desaparecidas a nivel nacional, de junio 2019 al junio 2021, PNC",2021-06,"['Base de datos o registro estadístico de personas desaparecidas a nivel nacional, de junio 2019 al junio 2021, PNC']",1
60bea44ee278c42e4e5fce2c,2021-06-07,Instituto de Acceso a la Información Pública,57c88946ab3ab9028fcbee5a,"Base de datos o registro de información desclasificada por parte de los entes obligados según sus informes remitidos al IAIP. años 2019, 2020 y enero a mayo 2021",2021-06,"['Base de datos o registro de información desclasificada por parte de los entes obligados según sus informes remitidos al IAIP. años 2019, 2020 y enero a mayo 2021']",1
60bead41e278c42e4e5fd41c,2021-06-07,Instituto de Acceso a la Información Pública,57c88946ab3ab9028fcbee5a,"Listado de personal contratado y expedientes administrativos de selección por el Instituto desde enero al 4 de junio de 2021, IAIP",2021-06,"['Listado de personal contratado y expedientes administrativos de selección por el Instituto desde enero al 4 de junio de 2021, IAIP']",1
60beade6e278c42e4e5fd88d,2021-06-07,Instituto de Acceso a la Información Pública,57c88946ab3ab9028fcbee5a,"Copia del expediente administrativo de selección y contratación del nuevo Director ejecutivo del instituto, Ramírez Miranda",2021-06,"['Copia del expediente administrativo de selección y contratación del nuevo Director ejecutivo del instituto, Ramírez Miranda']",1
60bc424de278c42e4e5f21c3,2021-06-04,Ministerio de Hacienda,57c72115ab3ab911fde9dcfc,"Estudio de Factibilidad que motivo, justificó la toma de decisión para firmar el contrato de préstamo con BID y el GOES, suscrito por un monto de US$100,000,000.00.",2021-06,"['Estudio de Factibilidad que motivo, justificó la toma de decisión para firmar el contrato de préstamo con BID y el GOES, suscrito por un monto de US$100,000,000.00.']",1
60bc430de278c42e4e5f2253,2021-06-04,Ministerio de Hacienda,57c72115ab3ab911fde9dcfc,"Estudio de Factibilidad que motivo, justificó la toma de decisión para firmar el contrato de préstamo con BIRF y el GOES, suscrito por un monto de US$250,000,000.00.",2021-06,"['Estudio de Factibilidad que motivo, justificó la toma de decisión para firmar el contrato de préstamo con BIRF y el GOES, suscrito por un monto de US$250,000,000.00.']",1
60bc43c2e278c42e4e5f22da,2021-06-04,Ministerio de Hacienda,57c72115ab3ab911fde9dcfc,"Estudio de Factibilidad que motivo, justificó la toma de decisión para firmar el contrato de préstamo con BID y el GOES, suscrito por un monto de US$250,000,000.00.",2021-06,"['Estudio de Factibilidad que motivo, justificó la toma de decisión para firmar el contrato de préstamo con BID y el GOES, suscrito por un monto de US$250,000,000.00.']",1
60bc4481e278c42e4e5f27a0,2021-06-04,Ministerio de Hacienda,57c72115ab3ab911fde9dcfc,"documento oficial que ampare el monto del US$500,000,000.00, manifestado por el presidente Nayib Bukele con la Convenio de Cooperación con la República Popular de China",2021-06,"['documento oficial que ampare el monto del US$500,000,000.00, manifestado por el presidente Nayib Bukele con la Convenio de Cooperación con la República Popular de China']",1
60bc48d1e278c42e4e5f2cb0,2021-06-04,Dirección General de Centros Penales ,5807dee8ab3ab94964c636c2,"Base de datos de las compras realizadas en el Sistema de Adquisiciones TIU de la DGCP, año 2020 a mayo 2021",2021-06,"['Base de datos de las compras realizadas en el Sistema de Adquisiciones TIU de la DGCP, año 2020 a mayo 2021']",1
60bc49f3e278c42e4e5f3135,2021-06-04,Fiscalía General de la República ,57c84ea8ab3ab9038c587f94,Nómina del personal asignado a la Dirección contra la Corrupción y la Impunidad y Unidad de Investigación Financiera. Periodo: enero a mayo 2021.,2021-06,['Nómina del personal asignado a la Dirección contra la Corrupción y la Impunidad y Unidad de Investigación Financiera. Periodo: enero a mayo 2021.'],1
60bc4ae4e278c42e4e5f35c8,2021-06-04,Asamblea Legislativa,57c73d96ab3ab918e84ccae8,"Total, de gastos ejecutado/Registro de compras de servicios y/o suministros, realizadas para la adecuación y preparativos para la recepción del informe del 2° año de gestión del gobierno del Presidente Nayib Bukele.",2021-06,"['Total, de gastos ejecutado/Registro de compras de servicios y/o suministros, realizadas para la adecuación y preparativos para la recepción del informe del 2° año de gestión del gobierno del Presidente Nayib Bukele.']",1
60bc4c68e278c42e4e5f3a49,2021-06-04,Comisión Ejecutiva Portuaria Autonóma,57fe7e4cab085766dd1a9c06,Copia del expediente administrativo de la declaratoria de reserva de información de Proyecto de Licitación Pública Internacional de Asocio Público Privado,2021-06,['Copia del expediente administrativo de la declaratoria de reserva de información de Proyecto de Licitación Pública Internacional de Asocio Público Privado'],1
60b136eae278c42e4e5d07c7,2021-05-28,Asamblea Legislativa,57c73d96ab3ab918e84ccae8,Copia del expediente administrativo de la iniciativa de Ley en Contra el Nepotismo,2021-05,['Copia del expediente administrativo de la iniciativa de Ley en Contra el Nepotismo'],1
60b137b7e278c42e4e5d083d,2021-05-28,Asamblea Legislativa,57c73d96ab3ab918e84ccae8,"Copia del Dictamen N°1 de la Comisión de Seguridad Pública y Combate a la Narcoactividad de la Asamblea Legislativa 2021-2024, emitido el 13 de mayo de 2021",2021-05,"['Copia del Dictamen N°1 de la Comisión de Seguridad Pública y Combate a la Narcoactividad de la Asamblea Legislativa 2021-2024, emitido el 13 de mayo de 2021']",1
60affd8ce278c42e4e5c23d1,2021-05-27,Ministerio de Gobernación,5801188fab3ab9144231517d,"Nómina de los 14 gobernadores y vicegobernadores recién nombrados por el Ministro de Gobernación, el 11 de mayo, 2021.",2021-05,"['Nómina de los 14 gobernadores y vicegobernadores recién nombrados por el Ministro de Gobernación, el 11 de mayo, 2021.']",1
60b01d00e278c42e4e5c349e,2021-05-27,Ministerio de Salud,57c72121ab3ab911fde9dcff,Registro del personal designado a la UACI para el año 2020 y 2021.,2021-05,['Registro del personal designado a la UACI para el año 2020 y 2021.'],1
60b01e01e278c42e4e5c3518,2021-05-27,Ministerio de Salud,57c72121ab3ab911fde9dcff,Copia del registro de asistencia de entradas y salidas del personal designado a la UACI desde el mes de enero al 27 de mayo del 2021,2021-05,['Copia del registro de asistencia de entradas y salidas del personal designado a la UACI desde el mes de enero al 27 de mayo del 2021'],1
60aeb5f9e278c42e4e5bde8c,2021-05-26,Fiscalía General de la República ,57c84ea8ab3ab9038c587f94,"Registros de casos recibidos, tramitados o en procesos y finalizados en la oficina del auditor fiscal",2021-05,"['Registros de casos recibidos, tramitados o en procesos y finalizados en la oficina del auditor fiscal']",1
60aeb816e278c42e4e5bdf36,2021-05-26,Fiscalía General de la República ,57c84ea8ab3ab9038c587f94,Registro público de los avisos y denuncias atendidas por la CICIES desde enero a abril 2021,2021-05,['Registro público de los avisos y denuncias atendidas por la CICIES desde enero a abril 2021'],1
60ad80bce278c42e4e5b8370,2021-05-25,Ministerio de Trabajo y Previsión Social,57c7213dab3ab911fde9dd02,"Base de datos del número de personas que fueron despedidas en plena pandemia de la Covid-19 en el país, provenientes del sector universitario, ",2021-05,"['Base de datos del número de personas que fueron despedidas en plena pandemia de la Covid-19 en el país, provenientes del sector universitario,']",1
60ad738ee278c42e4e5b70ff,2021-05-24,Ministerio de Trabajo y Previsión Social,57c7213dab3ab911fde9dd02,"Detalle del proceso de compras, adquisición e instalación de los relojes marcadores de reconocimiento facial que están en el interior y exterior del ministerio",2021-05,"['Detalle del proceso de compras, adquisición e instalación de los relojes marcadores de reconocimiento facial que están en el interior y exterior del ministerio']",1
60a832c1e278c42e4e5a6019,2021-05-21,Corte Suprema de Justicia,57c8770cab3ab9028fcbed2a,Declaraciones de patrimonio presentadas por los funcionarios públicos Rolando Alfredo Martínez entre otros.,2021-05,['Declaraciones de patrimonio presentadas por los funcionarios públicos Rolando Alfredo Martínez entre otros.'],1
60a83731e278c42e4e5a60b2,2021-05-21,Corte Suprema de Justicia,57c8770cab3ab9028fcbed2a,"Versión pública de las declaraciones de patrimonio presentadas por los nuevos magistrados de la Sala de lo Constitucional, 1 mayo, 2021.",2021-05,"['Versión pública de las declaraciones de patrimonio presentadas por los nuevos magistrados de la Sala de lo Constitucional, 1 mayo, 2021.']",1
60a69f6be278c42e4e5a136c,2021-05-20,Lotería Nacional de Beneficencia ,5808d974ab3ab94964c64646,Base de datos o Registro de licitación y adjudicación en firme de los años 2018 a abril 2021.,2021-05,['Base de datos o Registro de licitación y adjudicación en firme de los años 2018 a abril 2021.'],1
60a69fc5e278c42e4e5a13a9,2021-05-20,Lotería Nacional de Beneficencia ,5808d974ab3ab94964c64646,Copia de los expedientes de procesos de licitación y adjudicación en firme de 2018 a abril 2021.,2021-05,['Copia de los expedientes de procesos de licitación y adjudicación en firme de 2018 a abril 2021.'],1
60a68befe278c42e4e5a05a3,2021-05-19,Ministerio de Trabajo y Previsión Social,57c7213dab3ab911fde9dd02,Base de datos de empleados contratados por el MINTRAB desde el mes de junio de 2019 hasta abril 2021.,2021-05,['Base de datos de empleados contratados por el MINTRAB desde el mes de junio de 2019 hasta abril 2021.'],1
60a68f51e278c42e4e5a0660,2021-05-19,Ministerio de Trabajo y Previsión Social,57c7213dab3ab911fde9dd02,"Proceso de adquisición, compra, instalación, y gastos de cámaras de videos y de audios de seguridad que se encuentran instaladas en todo el MINTRAB",2021-05,"['Proceso de adquisición, compra, instalación, y gastos de cámaras de videos y de audios de seguridad que se encuentran instaladas en todo el MINTRAB']",1
60a6a5e7e278c42e4e5a1d1f,2021-05-04,Ministerio de Salud,57c72121ab3ab911fde9dcff,Detalle desagregado de compras de medicamentos realizadas por el Ministerio de Salud durante los meses de enero a abril de 2021. ,2021-05,['Detalle desagregado de compras de medicamentos realizadas por el Ministerio de Salud durante los meses de enero a abril de 2021.'],1
60709c2cb068247317e4b690,2021-04-09,Ministerio de Trabajo y Previsión Social,57c7213dab3ab911fde9dd02,Copia de los expedientes administrativos de selección y contratación de personal en la unidad de desarrollo tecnológico del ministaerio,2021-04,['Copia de los expedientes administrativos de selección y contratación de personal en la unidad de desarrollo tecnológico del ministaerio'],1
60709d64b068247317e4b6d1,2021-04-09,Ministerio de Trabajo y Previsión Social,57c7213dab3ab911fde9dd02,Copia de expedientes de licitación y adjudicación ,2021-04,['Copia de expedientes de licitación y adjudicación'],1
60709db3b068247317e4b700,2021-04-09,Ministerio de Trabajo y Previsión Social,57c7213dab3ab911fde9dd02,Copia de la bitácora de entradas y salidas en vehículo institucional asignado al Ministro de Trabajo,2021-04,['Copia de la bitácora de entradas y salidas en vehículo institucional asignado al Ministro de Trabajo'],1
60709df1b068247317e4b736,2021-04-09,Ministerio de Trabajo y Previsión Social,57c7213dab3ab911fde9dd02,Registro de Contrataciones de la dirección general de empleo del MINTRAB,2021-04,['Registro de Contrataciones de la dirección general de empleo del MINTRAB'],1
60709f10b068247317e4b76e,2021-04-09,Ministerio de Trabajo y Previsión Social,57c7213dab3ab911fde9dd02,Registro de las Licitaciones que se han dado entre el 2019 a la fecha 2021.,2021-04,['Registro de las Licitaciones que se han dado entre el 2019 a la fecha 2021.'],1
60709f4cb068247317e4b79f,2021-04-09,Ministerio de Trabajo y Previsión Social,57c7213dab3ab911fde9dd02,Registro o nómina de sindicatos que tiene un procedimiento administrativo abierto ante el MINTRAB para recibir sus credenciales,2021-04,['Registro o nómina de sindicatos que tiene un procedimiento administrativo abierto ante el MINTRAB para recibir sus credenciales'],1
6070a851b068247317e4be26,2021-04-09,Presidencia de la República,57c74a1eab3ab91ef38f2d60,Nuevos nombramientos que se han hecho en el Gabinete de Gobierno de Nayib Bukele,2021-04,['Nuevos nombramientos que se han hecho en el Gabinete de Gobierno de Nayib Bukele'],1
6070a8deb068247317e4c26b,2021-04-09,Corte Suprema de Justicia,57c8770cab3ab9028fcbed2a,Versión pública de las declaraciones de patrimonio presentadas por los nuevos nombramientos realizados por el presidente Nayib Bukele,2021-04,['Versión pública de las declaraciones de patrimonio presentadas por los nuevos nombramientos realizados por el presidente Nayib Bukele'],1
606c60f6b068247317e40fc3,2021-04-06,Ministerio de Hacienda,57c72115ab3ab911fde9dcfc,Ejecución y modificaciones presupuestarias Ene-Mar/2021,2021-04,['Ejecución y modificaciones presupuestarias Ene-Mar/2021'],1
605c9d25b068247317e1ca3d,2021-03-25,Ministerio de Educación,57c6ef20ab3ab905b08d6c96,Informacion sobre becas estudiantiles e intercambios en el MINED,2021-03,['Informacion sobre becas estudiantiles e intercambios en el MINED'],1
605c9ee6b068247317e1d6e4,2021-03-24,Ministerio de Economía,57f550674cdaa80e48efcc1d,"Información sobre programas de apoyo económico e informativo para emprendimientos en el año 2021, en especial a las mujeres emprendedoras",2021-03,"['Información sobre programas de apoyo económico e informativo para emprendimientos en el año 2021, en especial a las mujeres emprendedoras']",1
605c9db3b068247317e1ce88,2021-03-23,Ministerio de Relaciones Exteriores,57cda69dab3ab91b141fb67b,Informacion sobre becas e intercambios estudiantiles al Ministerio de Relaciones Exteriores,2021-03,['Informacion sobre becas e intercambios estudiantiles al Ministerio de Relaciones Exteriores'],1
60779913b068247317e5bbb9,2021-03-23,Ministerio de Justicia y Seguridad Pública,57c87dd1ab3ab9028fcbedd1,Ejecución y registros presupuestarios 2020,2021-03,['Ejecución y registros presupuestarios 2020'],1
6055061db068247317e0b66a,2021-03-19,Corte Suprema de Justicia,57c8770cab3ab9028fcbed2a,Permisos o ausencias de la jornada laboral de los Magistrados de la Sala de lo Contencioso Administrativo del año 2020. ,2021-03,['Permisos o ausencias de la jornada laboral de los Magistrados de la Sala de lo Contencioso Administrativo del año 2020.'],1
6053b69db068247317e03aed,2021-03-18,Ministerio de Medio Ambiente y Recursos Naturales,5807c67eab3ab94964c628cc,Registro/base de datos de los permisos ambientales emitidos desde 2007 a 2010,2021-03,['Registro/base de datos de los permisos ambientales emitidos desde 2007 a 2010'],1
6053c2cfb068247317e04086,2021-03-18,Ministerio de Hacienda,57c72115ab3ab911fde9dcfc,Pagos efectuados a los organismos internacionales a los que está adscrito El Salvador en concepto de cuotas o membresías año 2019 y 2020,2021-03,['Pagos efectuados a los organismos internacionales a los que está adscrito El Salvador en concepto de cuotas o membresías año 2019 y 2020'],1
6053c6cfb068247317e041cc,2021-03-18,Ministerio de Relaciones Exteriores,57cda69dab3ab91b141fb67b,Pagos efectuados a los organismos internacionales a los que está adscrito El Salvador en concepto de cuotas o membresías entre el año 2019 y 2020 ,2021-03,['Pagos efectuados a los organismos internacionales a los que está adscrito El Salvador en concepto de cuotas o membresías entre el año 2019 y 2020'],1
6053c92bb068247317e04636,2021-03-18,Ministerio de Relaciones Exteriores,57cda69dab3ab91b141fb67b,Copia en versión pública del expediente administrativo referencia 94-SAI-2016,2021-03,['Copia en versión pública del expediente administrativo referencia 94-SAI-2016'],1
604bc55ab068247317de6d7c,2021-03-12,Ministerio de Trabajo y Previsión Social,57c7213dab3ab911fde9dd02,Gastos de publicidad pautada en redes sociales del año 2020.,2021-03,['Gastos de publicidad pautada en redes sociales del año 2020.'],1
604bc947b068247317de8296,2021-03-12,Ministerio de Trabajo y Previsión Social,57c7213dab3ab911fde9dd02,"Consultores contratados para la Unidad o área de comunicaciones del Ministerio entre los años 2019, 2020 y 2021",2021-03,"['Consultores contratados para la Unidad o área de comunicaciones del Ministerio entre los años 2019, 2020 y 2021']",1
604bd892b068247317de9046,2021-03-12,Corte Suprema de Justicia,57c8770cab3ab9028fcbed2a,"Registro o nómina de abogados & notarios autorizados por la CSJ de años 2019, 2020 y 2021",2021-03,"['Registro o nómina de abogados & notarios autorizados por la CSJ de años 2019, 2020 y 2021']",1
60495cfeb068247317de2449,2021-03-10,Ministerio de Trabajo y Previsión Social,57c7213dab3ab911fde9dd02,Acuerdos Ministeriales de nombramientos y contratación de asesores del Ministerio del año 2019 a 2021.,2021-03,['Acuerdos Ministeriales de nombramientos y contratación de asesores del Ministerio del año 2019 a 2021.'],1
60495f48b068247317de24a7,2021-03-10,Ministerio de Trabajo y Previsión Social,57c7213dab3ab911fde9dd02,"Registro o nómina de Asesores del MINTRAB de los años 2019, 2020 y 2021.",2021-03,"['Registro o nómina de Asesores del MINTRAB de los años 2019, 2020 y 2021.']",1
60496478b068247317de2550,2021-03-10,Ministerio de Trabajo y Previsión Social,57c7213dab3ab911fde9dd02,Base de datos o registro de los servidores públicos del MINTRAB años 2019 a 2021.,2021-03,['Base de datos o registro de los servidores públicos del MINTRAB años 2019 a 2021.'],1
604680fcb068247317dd7e85,2021-03-08,Ministerio de Educación,57c6ef20ab3ab905b08d6c96,Copia íntegra del vídeo y audio y acta de la celebración de la Asamblea General-elección de terna a Comisionados suplentes del IAIP por el sector de Universidades,2021-03,['Copia íntegra del vídeo y audio y acta de la celebración de la Asamblea General-elección de terna a Comisionados suplentes del IAIP por el sector de Universidades'],1
604524cab068247317dd3ca2,2021-03-07,Presidencia de la República,57c74a1eab3ab91ef38f2d60,"Expediente laboral del señor José Roberto Silva, empleado de la Radio El Salvador",2021-03,"['Expediente laboral del señor José Roberto Silva, empleado de la Radio El Salvador']",1
604529c6b068247317dd44ff,2021-03-07,Tribunal Supremo Electoral,57fe6a07ab085766dd1a9ae1,Expediente Administrativo de acreditación como periodista del señor José Roberto Silva,2021-03,['Expediente Administrativo de acreditación como periodista del señor José Roberto Silva'],1
60452beeb068247317dd4538,2021-03-07,Tribunal Supremo Electoral,57fe6a07ab085766dd1a9ae1,Expediente Administrativo de revocatoria de la acreditación como periodista del señor José Roberto Silva,2021-03,['Expediente Administrativo de revocatoria de la acreditación como periodista del señor José Roberto Silva'],1
6038875a8ad34f5dd130baa6,2021-02-26,Alcaldia Municipal de Santa Ana,5dc04c4125033d35d0d04366,Informe de rendición de cuentas alcaldía Municipal de Santa Ana,2021-02,['Informe de rendición de cuentas alcaldía Municipal de Santa Ana'],1
6038865b8ad34f5dd130b263,2021-02-25,Alcaldia Municipal de Santa Ana,5dc04c4125033d35d0d04366,Informes de auditoría o exámenes especiales realizados en la Alcaldía Municipal de Santa Ana,2021-02,['Informes de auditoría o exámenes especiales realizados en la Alcaldía Municipal de Santa Ana'],1
60395ac98ad34f5dd130cea2,2021-02-25,Instituto Salvadoreño del Seguro Social,57c74ea7ab3ab91ef38f2dec,"Copia de Acuerdos Ministeriales de nombramientos de asesores, años 2019, 2020 y 2021",2021-02,"['Copia de Acuerdos Ministeriales de nombramientos de asesores, años 2019, 2020 y 2021']",1
60395b348ad34f5dd130d2db,2021-02-25,Instituto Salvadoreño del Seguro Social,57c74ea7ab3ab91ef38f2dec,"Registro o nómina de Asesores del Consejo Directivo del ISSS de los años 2019, 2020 y 2021.",2021-02,"['Registro o nómina de Asesores del Consejo Directivo del ISSS de los años 2019, 2020 y 2021.']",1
6037f71f8ad34f5dd1307e9a,2021-02-24,Alcaldía de Antiguo Cuscatlán,5968f267c56bd14a51afb009,Copia de informes de auditoria o exámenes especiales realizados a la alcaldía correspondiente al año 2020 ,2021-02,['Copia de informes de auditoria o exámenes especiales realizados a la alcaldía correspondiente al año 2020'],1
6037f8e08ad34f5dd1307ee0,2021-02-24,Alcaldía de Antiguo Cuscatlán,5968f267c56bd14a51afb009,Informe de rendición de cuentas correspondiente al año 2020. ,2021-02,['Informe de rendición de cuentas correspondiente al año 2020.'],1
6037f9908ad34f5dd130830b,2021-02-24,Alcaldía de San Salvador,57cdbde0ab3ab91b141fb967,Copia de informes de auditoria o exámenes especiales realizados a la alcaldía correspondiente al año 2020 ,2021-02,['Copia de informes de auditoria o exámenes especiales realizados a la alcaldía correspondiente al año 2020'],1
6037f9fc8ad34f5dd1308755,2021-02-24,Alcaldía de San Salvador,57cdbde0ab3ab91b141fb967,Informe de rendición de cuentas correspondiente al año 2020. ,2021-02,['Informe de rendición de cuentas correspondiente al año 2020.'],1
6037faac8ad34f5dd1308b8c,2021-02-24,Alcaldía de Santa Tecla,57d198114cdaa80fa8d59454,Copia de informes de auditoria o exámenes especiales realizados a la alcaldía correspondiente al año 2020 ,2021-02,['Copia de informes de auditoria o exámenes especiales realizados a la alcaldía correspondiente al año 2020'],1
6037fb478ad34f5dd1308fb9,2021-02-24,Alcaldía de Santa Tecla,57d198114cdaa80fa8d59454,Informe de rendición de cuentas correspondiente al año 2020. ,2021-02,['Informe de rendición de cuentas correspondiente al año 2020.'],1
60353fe68ad34f5dd1304a9e,2021-02-23,Ministerio de Salud,57c72121ab3ab911fde9dcff,Compras de medicamentos realizadas por el Ministerio de Salud del mes junio a diciembre de 2020.,2021-02,['Compras de medicamentos realizadas por el Ministerio de Salud del mes junio a diciembre de 2020.'],1
603d447d8ad34f5dd13161a8,2021-02-19,Fiscalía General de la República ,57c84ea8ab3ab9038c587f94,Registro público de las avisos y denuncias atendidas por la CICIES de mayo a diciembre 2020,2021-02,['Registro público de las avisos y denuncias atendidas por la CICIES de mayo a diciembre 2020'],1
602eaa338ad34f5dd12fbb8f,2021-02-18,Alcaldia Municipal de Santa Ana,5dc04c4125033d35d0d04366,"Plan Operativo anual de la Unidad de la Mujer de los años 2018. 2019, 2020 y 2021, Alcaldia Municipal ",2021-02,"['Plan Operativo anual de la Unidad de la Mujer de los años 2018. 2019, 2020 y 2021, Alcaldia Municipal']",1
602eb4638ad34f5dd12fbc97,2021-02-18,Ministerio de Salud,57c72121ab3ab911fde9dcff,Compras de vacunas con temperatura +2°c a +8°c contra el COVID-19,2021-02,['Compras de vacunas con temperatura +2°c a +8°c contra el COVID-19'],1
603533628ad34f5dd13046bb,2021-02-18,Ministerio de Salud,57c72121ab3ab911fde9dcff,Compras de vacunas la temperatura: Ultracongeladas contra el COVID-19,2021-02,['Compras de vacunas la temperatura: Ultracongeladas contra el COVID-19'],1
603535448ad34f5dd130479f,2021-02-18,Ministerio de Salud,57c72121ab3ab911fde9dcff,Plan de vacunación contra el Covid-19 & Cronograma de entrega de las vacunas ,2021-02,['Plan de vacunación contra el Covid-19 & Cronograma de entrega de las vacunas'],1
6035369e8ad34f5dd13048d4,2021-02-18,Ministerio de Salud,57c72121ab3ab911fde9dcff,Gastos Ejecutados para la instalación y adecuación de las cabinas de vacunación para distribuir la dosis de las vacunas contra el Covid-19,2021-02,['Gastos Ejecutados para la instalación y adecuación de las cabinas de vacunación para distribuir la dosis de las vacunas contra el Covid-19'],1
603d3b908ad34f5dd1315cf4,2021-02-17,Fiscalía General de la República ,57c84ea8ab3ab9038c587f94,Registro público del total de denuncias atendidas por la institución desde marzo 2020 a diciembre 2020.,2021-02,['Registro público del total de denuncias atendidas por la institución desde marzo 2020 a diciembre 2020.'],1
602c10818ad34f5dd12f58c7,2021-02-16,Ministerio de Educación,57c6ef20ab3ab905b08d6c96, Información sobre los procesos de graduación y certificación de títulos universitarios que han sido aprobados o se encuentran en trámite en el MINED,2021-02,['Información sobre los procesos de graduación y certificación de títulos universitarios que han sido aprobados o se encuentran en trámite en el MINED'],1
602c10fc8ad34f5dd12f5cd9,2021-02-16,Alcaldia Municipal de Santa Ana,5dc04c4125033d35d0d04366,"Solicito carpeta técnica del proyecto Ciudad Luz, con todos sus archivos que la componen de manera digital y otras - alcaldía de Santa Ana",2021-02,"['Solicito carpeta técnica del proyecto Ciudad Luz, con todos sus archivos que la componen de manera digital y otras - alcaldía de Santa Ana']",1
603d5e9f8ad34f5dd1317846,2021-02-16,Presidencia de la República,57c74a1eab3ab91ef38f2d60,Libro diario del OIE del año 2020.,2021-02,['Libro diario del OIE del año 2020.'],1
603d50438ad34f5dd1316bb5,2021-02-15,Tribunal Supremo Electoral,57fe6a07ab085766dd1a9ae1,Base de datos de avisos y denuncias recibidas por el tribunal del año 2020. ,2021-02,['Base de datos de avisos y denuncias recibidas por el tribunal del año 2020.'],1
603d4f4a8ad34f5dd1316b82,2021-02-11,Tribunal Supremo Electoral,57fe6a07ab085766dd1a9ae1,Base de datos de denuncias emitidas de manera oficiosa por el tribunal del año 2020,2021-02,['Base de datos de denuncias emitidas de manera oficiosa por el tribunal del año 2020'],1
603d4a4c8ad34f5dd1316a7f,2021-02-10,Tribunal de Ética Gubernamental,57e98f98fed23614a0818331,Base de datos de avisos y denuncias recibidas por el tribunal de ética del año 2020,2021-02,['Base de datos de avisos y denuncias recibidas por el tribunal de ética del año 2020'],1
603d5b8e8ad34f5dd13176e2,2021-02-08,Alcaldía de San Salvador,57cdbde0ab3ab91b141fb967,"Base de solicitudes de información y procesos tramitados por la municipalidad, años: 2017 al 2020",2021-02,"['Base de solicitudes de información y procesos tramitados por la municipalidad, años: 2017 al 2020']",1
603d58da8ad34f5dd1317267,2021-02-05,Alcaldía de Nejapa,5968f865c56bd14a51afb07b,"Base de solicitudes de información y procesos tramitados por la municipalidad, años: 2017 al 2020.",2021-02,"['Base de solicitudes de información y procesos tramitados por la municipalidad, años: 2017 al 2020.']",1
603d54ca8ad34f5dd13171eb,2021-02-04,Instituto Salvadoreño de Desarrollo Municipal ,5807ee49ab3ab94964c64094,Copia del estado de situación financiera y de resultados de COMURES años 2019 y 2020,2021-02,['Copia del estado de situación financiera y de resultados de COMURES años 2019 y 2020'],1
603d213b8ad34f5dd1314ad7,2021-02-03,Asamblea Legislativa,57c73d96ab3ab918e84ccae8,"Registro de las Planilla de pagos de la Asamblea año 2020, 2021",2021-02,"['Registro de las Planilla de pagos de la Asamblea año 2020, 2021']",1
5e2eff360634d8e44d880c26,2021-02-02,Asamblea Legislativa,57c73d96ab3ab918e84ccae8,Detalle de plazas por contrato y por ley de salario del proyecto de presupuesto 2020 para la AL,2021-02,['Detalle de plazas por contrato y por ley de salario del proyecto de presupuesto 2020 para la AL'],1
6018c6268ad34f5dd12da445,2021-02-02,Asamblea Legislativa,57c73d96ab3ab918e84ccae8,Proceso de contratación en la Asamblea,2021-02,['Proceso de contratación en la Asamblea'],1
600f0e298ad34f5dd12c9e7d,2021-01-25,Fiscalía General de la República ,57c84ea8ab3ab9038c587f94,Nombres de los que conforman el Consejo Fiscal de la FGR,2021-01,['Nombres de los que conforman el Consejo Fiscal de la FGR'],1
6009ca868ad34f5dd12bf042,2021-01-21,Presidencia de la República,57c74a1eab3ab91ef38f2d60,Demanda CA contra presidente de la República (Elección Comisionada Soriano),2021-01,['Demanda CA contra presidente de la República (Elección Comisionada Soriano)'],1
600622d08ad34f5dd12b6956,2021-01-18,Ministerio de Hacienda,57c72115ab3ab911fde9dcfc,Detalle del Presupuesto General del Estado 2021,2021-01,['Detalle del Presupuesto General del Estado 2021'],1
600623b98ad34f5dd12b6d95,2021-01-18,Ministerio de Hacienda,57c72115ab3ab911fde9dcfc,Ejecución y modificaciones presupuestarias nov-dic/2020,2021-01,['Ejecución y modificaciones presupuestarias nov-dic/2020'],1
